Title,URL,Date Uploader
What Is Data Scraping And How Can You Use It? | Target ...,https://www.targetinternet.com/what-is-data-scraping-and-how-can-you-use-it/,"Sep 13, 2017 · Uploaded by Lucy Provost"
What is data scraping? - YouTube,https://www.youtube.com/watch?v=COeMzrSYgvw,"Oct 30, 2020 · Uploaded by The Hindu"
What is DATA SCRAPING? What does DATA SCRAPING ...,https://www.youtube.com/watch?v=omTtMylcWOI,"Sep 21, 2017 · Uploaded by The Audiopedia"
What Is Web Scraping And How Does It Work? | Zyte.com,https://www.zyte.com/learn/what-is-web-scraping/,"Nov 18, 2020 · Uploaded by Zyte"
8 Best Web Scraping Tools - Learn | Hevo,https://hevodata.com/learn/8-best-web-scraping-tools/,"Feb 6, 2021 · Uploaded by Hevo Data"
7 Best Web Scraping Tools To Extract Data | Better ...,https://betterprogramming.pub/data-scraping-tools-7cb76eeab89e,"Apr 26, 2021 · Uploaded by The Software Engineer"
Pengenalan Web Scraping – Kemenkeu Learning Center,https://klc.kemenkeu.go.id/pengenalan-web-scraping/,"Aug 15, 2019"
Apa Itu Web Scrapping? - Warta Ekonomi,https://www.wartaekonomi.co.id/read336000/apa-itu-web-scrapping,"Apr 8, 2021 · Uploaded by Warta Ekonomi TV"
Watch | What is data scraping? - The Hindu,https://www.thehindu.com/sci-tech/technology/what-is-data-scraping/article32908610.ece,"Oct 21, 2020"
What is Web Scraping and What is it Used For? | ParseHub,https://www.parsehub.com/blog/what-is-web-scraping/,"Aug 6, 2019 · Uploaded by ParseHub"
Web Scraping with Python - Beautiful Soup Crash Course ...,https://www.youtube.com/watch?v=XVv6mJpFOb0,"Nov 18, 2020 · Uploaded by freeCodeCamp.org"
Web Scraper intro tutorial - YouTube,https://www.youtube.com/watch?v=n7fob_XVsbY,"Jun 25, 2019 · Uploaded by Web Scraper"
Web Scraping vs Data Mining: What's the Difference ...,https://www.parsehub.com/blog/web-scraping-vs-data-mining/,"Mar 2, 2020 · Uploaded by ParseHub"
UiPath Data Scraping (Web Page to Excel) - Tutorial - YouTube,https://www.youtube.com/watch?v=vIAJvk4quqA,"Jan 22, 2020 · Uploaded by Anders Jensen"
5 Best Web Scraping Tools in 2020! - YouTube,https://www.youtube.com/watch?v=QbkXCkcmHJI,"Apr 8, 2019 · Uploaded by Octoparse"
Web Scraping Software - UiPath,https://www.uipath.com/solutions/technology/web-scraping-software,"Apr 7, 2015 · Uploaded by UiPath"
What Is Web Scraping? Here's What You Need to Know,https://www.businessinsider.com/what-is-web-scraping,"Jan 14, 2021"
Pengenalan Web Scraping #1 | Bahasa Indonesia - YouTube,https://www.youtube.com/watch?v=SPmJXWWRVog,"Sep 25, 2016 · Uploaded by Guntur Budi"
Web scraping with Python | Learn How To Scrape Data Using ...,https://www.youtube.com/watch?v=ktNAhLp0ymg,"Jul 8, 2020 · Uploaded by Great Learning"
An introduction to web scraping with Python | by Jonathan ...,https://towardsdatascience.com/an-introduction-to-web-scraping-with-python-a2601e8619e5,"Dec 11, 2018 · Uploaded by Raimi bin Karim"
Web Scraping Techniques: How to Scrape Data from the ...,https://www.parsehub.com/blog/web-scraping-techniques/,"Mar 16, 2020 · Uploaded by ParseHub"
What is Web Scraping and What is it Used For? | Definition ...,https://www.youtube.com/watch?v=Ct8Gxo8StBU,"Sep 27, 2019 · Uploaded by ParseHub"
Web Scraping vs API: What's the Difference? | ParseHub,https://www.parsehub.com/blog/web-scraping-vs-api/,"Mar 9, 2020 · Uploaded by ParseHub"
WHAT IS DATA SCRAPING AND HOW CAN YOU USE IT?,https://www.linkedin.com/pulse/what-data-scraping-how-can-you-use-daniel-rowles,"Nov 21, 2017 · Uploaded by Lucy Provost"
Intro to Web Scraping with Python and Beautiful Soup - YouTube,https://www.youtube.com/watch?v=XQgXKtPSzUI,"Jan 7, 2017 · Uploaded by Data Science Dojo"
Tidy web scraping in R — Tutorial and resources | by Keith ...,https://towardsdatascience.com/tidy-web-scraping-in-r-tutorial-and-resources-ac9f72b4fe47,"Aug 16, 2019 · Uploaded by Yrrah0015"
Web Scraping Tutorial - How to Scrape Modern Websites for ...,https://www.youtube.com/watch?v=vsmxMLmroyQ,"Mar 11, 2017 · Uploaded by Fullstack Academy"
Web Data Extraction Automation - UiPath,https://www.uipath.com/learning/video-tutorials/web-data-extraction-automation,"Jan 19, 2021 · Uploaded by UiPath"
The Best Web Scraping Tools for 2021 - ScrapingBee,https://www.scrapingbee.com/blog/web-scraping-tools/,"Feb 13, 2021 · Uploaded by Web Scraper"
Online DSS: Static and Dynamic Web Scraping Using R ...,https://algorit.ma/ds-course/web-scraping/,"Apr 16, 2021 · Uploaded by Algoritma Data Science School"
UiPath - How to Do Data Scraping from a Web Page and Save ...,https://www.youtube.com/watch?v=fUMi_S3Xqsc,"Jan 14, 2021 · Uploaded by ExpoHub"
#1 Belajar Web Scraping menggunakan ParseHub - Instalasi ...,https://www.youtube.com/watch?v=sUbbfea73yM,"Oct 17, 2020 · Uploaded by sekolahkampus TV Programming & Tutorial"
Web Scraping Tutorial - How to Seed your Database with Web ...,https://www.youtube.com/watch?v=_opDs6UPDyo,"Mar 10, 2017 · Uploaded by Fullstack Academy"
Automate Web Data Extraction and Scraping | Automate,https://www.helpsystems.com/product-lines/automate/use/data-scraping-extraction,"Mar 21, 2017"
Web scraping for Beginners | Introduction guide - ParseHub,https://www.parsehub.com/blog/beginners-guide-to-web-scraping/,"Nov 17, 2020 · Uploaded by ParseHub"
Data Scraping and Analysis using Python | by Jasmeet Singh ...,https://towardsdatascience.com/competitive-price-data-scraping-and-analysis-using-python-a1f34758155,"May 24, 2020 · Uploaded by Miguel Albrecht"
Is Web Scraping Easy? How to Scrape Data without Coding ...,https://www.parsehub.com/blog/web-scraping-easy/,"Feb 10, 2020 · Uploaded by ParseHub"
Data Scraping for SEO & Analytics - Tutorial - Optimize Smart,https://www.optimizesmart.com/data-scraping-guide-for-seo/,"Oct 8, 2011 · Uploaded by Garrett French CL"
Konfigurasi Sitemap Untuk Web Scraping – Kemenkeu ...,https://klc.kemenkeu.go.id/konfigurasi-sitemap-untuk-web-scraping/,"May 4, 2020"
Implementing Web Scraping in Python with BeautifulSoup ...,https://www.geeksforgeeks.org/implementing-web-scraping-python-beautiful-soup/,"May 15, 2021 · Uploaded by GeeksforGeeks"
Intro To Web Scraping With Python - YouTube,https://www.youtube.com/watch?v=4UcqECQe5Kc,"Jul 29, 2018 · Uploaded by Traversy Media"
How to do Web Scraping with UiPath - Use Case - YouTube,https://www.youtube.com/watch?v=jDKo4sax0SY,"Sep 15, 2020 · Uploaded by Anders Jensen"
Web Scraping Examples: How are Businesses Using Web ...,https://www.parsehub.com/blog/web-scraping-examples/,"Oct 28, 2019 · Uploaded by ParseHub"
What is WEB SCRAPING? What does WEB SCRAPING mean ...,https://www.youtube.com/watch?v=7IUfRVYew-o,"Jan 20, 2017 · Uploaded by The Audiopedia"
"Linkedin Data From 500 Million Users Scraped, for Sale ...",https://www.businessinsider.com/linkedin-data-scraped-500-million-users-for-sale-online-2021-4,"Apr 8, 2021"
Top Web Scraping Services For Your Ecommerce Store ...,https://firebearstudio.com/blog/ecommerce-magento-web-scraping.html,"Feb 13, 2017 · Uploaded by Diogo Munaro"
Choose the Best Python Web Scraping Library for Your ...,https://towardsdatascience.com/choose-the-best-python-web-scraping-library-for-your-application-91a68bc81c4f,"Aug 16, 2020 · Uploaded by WooHooLad"
Web Scraping With Python | Python Web Scraping Tutorial For ...,https://www.youtube.com/watch?v=HXzhC-CzAJ4,"Sep 20, 2020 · Uploaded by Simplilearn"
A Quicker Way to Build Datasets through Web Scraping | by ...,https://towardsdatascience.com/a-quicker-way-to-build-datasets-through-web-scraping-4ce9e51e16d8,"Sep 10, 2020 · Uploaded by Grant McAuley"
Python Tutorial: Web Scraping with BeautifulSoup and ...,https://www.youtube.com/watch?v=ng2o98k983k,"Nov 9, 2017 · Uploaded by Corey Schafer"
Python Tutorial: Web Scraping with BeautifulSoup and ...,https://www.youtube.com/watch?v=ng2o98k983k,"Nov 9, 2017 · Uploaded by Corey Schafer"
Data Access: Web Scraping with R - Data Science Summer ...,https://socialdatascience.network/courses/webscraping.html,"Jul 20, 2021 · Uploaded by Hertie School Data Science Lab"
Web scraping in Python (Part 3): Building a dataset - YouTube,https://www.youtube.com/watch?v=v5DDW5dyfyc,"Aug 11, 2017 · Uploaded by Data School"
Easy Web Scraping in Power BI - YouTube,https://www.youtube.com/watch?v=RnMrGaiVWtQ,"May 29, 2018 · Uploaded by BI Elite"
Data Analytics with Python by Web scraping: Illustration with ...,https://towardsdatascience.com/data-analytics-with-python-by-web-scraping-illustration-with-cia-world-factbook-abbdaa687a84,"Mar 3, 2018 · Uploaded by sentdex"
Intro to Web Scraping with Excel VBA - YouTube,https://www.youtube.com/watch?v=JxmRjh-S2Ms,"Dec 20, 2018 · Uploaded by OfficeNewb.com"
Web Scraping with Python Online Class | LinkedIn Learning ...,https://www.linkedin.com/learning/web-scraping-with-python,"Dec 16, 2020 · Uploaded by Ryan Mitchell"
Can you Make Money from Web Scraping? Of Course ...,https://www.parsehub.com/blog/web-scraping-money/,"Mar 30, 2020 · Uploaded by ParseHub"
How To Perform Web Scraping Using Selenium And Python?,https://www.lambdatest.com/blog/web-scraping-using-selenium-and-python/,"Jun 7, 2021 · Uploaded by LambdaTest"
"Web Scraping with Beautiful Soup, Selenium, or Scrapy? | by ...",https://towardsdatascience.com/web-scraping-with-beautiful-soup-selenium-or-scrapy-62c6f3545de7,"Dec 16, 2020 · Uploaded by Frank Andrade"
Web Scraping - Research-IT,https://research-it.wharton.upenn.edu/data/webscraping/,"Jul 8, 2010 · Uploaded by MozendaSupport"
Web Scraping Tool | Free Browser Extensions | Grepsr,https://www.grepsr.com/browser-extensions/,"Jun 9, 2016"
The A-Z of Web Scraping in 2020 [A How-To Guide] - DZone ...,https://dzone.com/articles/the-a-z-of-web-scraping-in-2020-a-how-to-guide,"Sep 1, 2020 · Uploaded by Dmitry Narizhnykh"
Our popular web scraping and proxy management workshop ...,https://brightdata.com/blog/why-brightdata/workshop-goes-online,"Apr 12, 2020 · Uploaded by Bright Data - Formerly Luminati Networks"
Web Scraping vs API: What Are the Differences? - LinkedIn,https://www.linkedin.com/pulse/web-scraping-vs-api-what-differences-iveta-vi%C5%A1torskyt%C4%97,"Jun 8, 2020 · Uploaded by Bình Thạnh Hôm Nay"
Web scraping data with Azure Data Factory - SQLShack,https://www.sqlshack.com/web-scraping-data-with-azure-data-factory/,"Aug 3, 2021 · Uploaded by ApexSQL by Quest"
Web Scraping Techniques: How to Scrape Data from the ...,https://www.youtube.com/watch?v=WgfUrqMbokE,"Mar 25, 2021 · Uploaded by ParseHub"
Screen Scraping software for desktop and web - UiPath,https://www.uipath.com/solutions/technology/screen-scraping,"Dec 5, 2014 · Uploaded by UiPath"
Creating a horse racing Tableau dashboard from data scraping,https://www.import.io/post/data-scraping-horse-racing/,"Apr 13, 2018 · Uploaded by Craig S Dewar"
web scraping using python for beginners - YouTube,https://www.youtube.com/watch?v=0_VZ7NpVw1Y,"Feb 15, 2018 · Uploaded by Hitesh Choudhary"
Web Scraping Python BeautifulSoup #2 | Bahasa Indonesia ...,https://www.youtube.com/watch?v=C5AOZZWxvIY,"Sep 25, 2016 · Uploaded by Guntur Budi"
Web Scraping with Python: Illustration with CIA World ...,https://www.kdnuggets.com/2018/03/web-scraping-python-cia-world-factbook.html,"Mar 4, 2018 · Uploaded by sentdex"
Python Web Scraping Tutorial: Step-By-Step [2021 Guide ...,https://oxylabs.io/blog/python-web-scraping,"Aug 9, 2021 · Uploaded by Oxylabs"
How much does Web Scraping cost? | ParseHub,https://www.parsehub.com/blog/web-scraping-cost/,"Apr 6, 2020 · Uploaded by ParseHub"
How to Maintain Data Quality While Web Scraping | Octoparse,https://www.octoparse.com/blog/how-to-maintain-data-quality-while-web-scraping,"Jan 20, 2021 · Uploaded by Octoparse"
How does web scraping work? | ParseHub,https://www.parsehub.com/blog/how-web-scraping-works/,"Feb 24, 2020 · Uploaded by ParseHub"
Web Scraping In Python Vs R - Analytics India Magazine,https://analyticsindiamag.com/web-scraping-in-python-vs-r/,"Nov 6, 2019 · Uploaded by Analytics India Magazine"
11 Popular Cloud-based Web Scraping Solutions - Geekflare,https://geekflare.com/web-scraping-tools/,"Apr 22, 2021 · Uploaded by Web Scraper"
TechTalk #38: Web Scraping Using Scrapy – Jogja Digital ...,https://jogjadigitalvalley.com/techtalk-38-web-scraping-using-scrapy/,"Sep 2, 2014 · Uploaded by Jogja Digital Valley"
What can Web Scraping be Used For? | ParseHub,https://www.parsehub.com/blog/web-scraping-uses/,"Feb 17, 2020 · Uploaded by ParseHub"
An Intro to Web Scraping with Python - Chi Hack Night ...,https://chihacknight.org/blog/2014/11/26/an-intro-to-web-scraping-with-python.html,"Nov 26, 2014 · Uploaded by Webucator"
5 Top Tips for Data Scraping Using Selenium in Python | by ...,https://towardsdatascience.com/5-top-tips-for-data-scraping-using-selenium-d8b83804681c,"Aug 9, 2020 · Uploaded by Stephen Fordham"
Data Scraping Automation Webinar | HelpSystems,https://www.helpsystems.com/resources/on-demand-webinars/automate-data-scraping,"Feb 24, 2017"
Best Data Scraping Tools for 2021 (Top 10 Reviews) | by ...,https://medium.datadriveninvestor.com/best-data-scraping-tools-for-2019-top-10-reviews-4a686061a184,"May 6, 2019 · Uploaded by Octoparse"
Comprehensive Guide: How to Scrape Data from Online ...,https://netpeaksoftware.com/blog/how-to-scrape-data-from-online-stores-with-a-crawler,"Aug 29, 2019 · Uploaded by Netpeak Software"
Web Scraping vs Web Crawling: The Differences - Blog ...,https://oxylabs.io/blog/crawling-vs-scraping,"May 4, 2021 · Uploaded by Oxylabs"
Web Scraping vs Web Crawling: What's the Difference ...,https://www.parsehub.com/blog/web-scraping-vs-web-crawling/,"Feb 3, 2020 · Uploaded by ParseHub"
Practical Introduction to Web Scraping in R | R-bloggers,https://www.r-bloggers.com/2019/04/practical-introduction-to-web-scraping-in-r/,"Apr 10, 2019 · Uploaded by Rsquared Academy"
Scraping | Cleaning Data | Journalist's Toolbox,https://www.journaliststoolbox.org/2021/08/08/find-scrape-and-clean-data/,"Aug 8, 2021 · Uploaded by journaliststoolbox"
"DataSunday.com - Shopee Data Scraper, Product & Sales ...",https://www.youtube.com/watch?v=qBMY51Rmq_g,"Jul 10, 2020 · Uploaded by datasunday channel"
ImportFromWeb | Easy Web Scraping - Google Workspace ...,https://workspace.google.com/marketplace/app/importfromweb_easy_web_scraping/278587576794,"Jan 10, 2020 · Uploaded by NoDataNoBusiness"
3 Most Practical Uses of eCommerce Data Scraping Tools ...,https://www.octoparse.com/blog/most-practical-uses-of-ecommerce-data-scraping-tools,"Jun 2, 2020 · Uploaded by Octoparse"
Web Scraping for SQL Machine learning using R scripts,https://www.sqlshack.com/web-scraping-for-sql-machine-learning-using-r-scripts/,"Dec 14, 2020 · Uploaded by ApexSQL by Quest"
Data scraping from details of Lists/tables in web pages ...,https://www.octoparse.com/tutorial/list-detail-page-introduction,"Mar 9, 2016 · Uploaded by Octoparse"
Web Scraping with Power BI & Python - 3Cloud,https://www.3cloudsolutions.com/web-scraping-with-power-bi-python-2/,"Apr 21, 2020 · Uploaded by 3Cloud"
"Scraping Live Traffic Data in 3 Lines of Code, Step-by-Step ...",https://towardsdatascience.com/scraping-live-traffic-data-in-3-lines-of-code-step-by-step-9b2cc7ddf31f,"Apr 18, 2020 · Uploaded by GitHub"
DataOx - #1 Web Data Scraping Services,https://data-ox.com/webscraping-services/,"Jun 4, 2020 · Uploaded by DataOx"
QVC Can't Stop Web Scraping - Forbes,https://www.forbes.com/sites/ericgoldman/2015/03/24/qvc-cant-stop-web-scraping/,"Mar 24, 2015"
NoCoding Data Scraper - Easy Web Scraping - Microsoft ...,https://microsoftedge.microsoft.com/addons/detail/nocoding-data-scraper-i/daiklcgdelcbcmjepemiklfglodmofbm,"Aug 30, 2020 · Uploaded by NoCoding Web Data Scraper -visualized web scraping"
Web Scraping: Gathering Data Without Disruption ...,https://www.shipstation.com/webinars/web-scraping-gathering-data-without-disruption/,"Sep 20, 2018"
